{
"records":[
{
"id":1,
"img":"img\/goods\/goods1.jpg,https:\/\/imgqn7.fruitday.com\/images\/product_pic\/7\/1\/1-370x370-7-44BR2CCT.jpg,https:\/\/imgqn7.fruitday.com\/images\/product_pic\/7\/1\/1-370x370-7-8TWX1UHH.jpg,https:\/\/imgqn7.fruitday.com\/images\/product_pic\/7\/1\/1-370x370-7-7K437R53.jpg",
"name":"墨西哥牛油果",
"desc":"丝般柔滑能量果",
"price":79.00,
"quantity":"6个"
},
{
"id":2,
"img":"img\/goods\/goods2.jpg",
"name":"越南火龙果",
"desc":"雪肤花貌 清甜多汁",
"price":49.00,
"quantity":"5斤"
},
{
"id":3,
"img":"img\/goods\/goods3.jpg",
"name":"马来西亚冷冻榴莲金凤D198",
"desc":"细致而厚实 加19.9换购榴莲摩提1盒",
"price":596.00,
"quantity":"400g"
},
{
"id":4,
"img":"img\/goods\/goods4.jpg",
"name":"马来西亚冷冻榴莲红虾",
"desc":"甜滋滑爽 原味浓郁 加19.9换购榴莲摩提1盒",
"price":338.00,
"quantity":"400g"
},
{
"id":5,
"img":"img\/goods\/goods2.jpg",
"name":"越南火龙果",
"desc":"雪肤花貌 清甜多汁",
"price":35.00,
"quantity":"2个"
},
{
"id":6,
"img":"img\/goods\/goods6.jpg",
"name":"台湾莲雾",
"desc":"多汁多VC “三高”也能吃",
"price":108.00,
"quantity":"2斤"
},
{
"id":7,
"img":"img\/goods\/goods6.jpg",
"name":"台湾莲雾",
"desc":"多汁多VC “三高”也能吃",
"price":39.00,
"quantity":"1斤"
},
{
"id":8,
"img":"img\/goods\/goods7.jpg",
"name":"佳沛意大利绿奇异果",
"desc":"百年品质 佳沛绿果",
"price":128.00,
"quantity":"36个（原箱）"
},
{
"id":9,
"img":"img\/goods\/goods8.jpg",
"name":"长柄玫瑰草莓",
"desc":"手提一颗玫瑰香",
"price":39.00,
"quantity":"1盒"
},
{
"id":10,
"img":"img\/goods\/goods9.jpg",
"name":"进口香蕉",
"desc":"香甜低卡小黄人",
"price":29.00,
"quantity":"2斤"
},
{
"id":11,
"img":"img\/goods\/goods9.jpg",
"name":"进口香蕉",
"desc":"香甜低卡小黄人",
"price":49.00,
"quantity":"4斤"
},
{
"id":12,
"img":"img\/goods\/goods10.jpg",
"name":"精选百香果",
"desc":"Q弹晶莹 酸爽滋味",
"price":19.90,
"quantity":"6个"
},
{
"id":13,
"img":"img\/goods\/goods11.jpg",
"name":"智慧baby套餐",
"desc":"宝宝从此更健康",
"price":68.00,
"quantity":"套餐1份"
},
{
"id":14,
"img":"img\/goods\/goods12.jpg",
"name":"新疆库尔勒香梨",
"desc":"经久不褪的香脆动人",
"price":59.90,
"quantity":"8斤"
},
{
"id":15,
"img":"img\/goods\/goods13.jpg",
"name":"澳大利亚无籽红提",
"desc":"可以吃的香脆砖石",
"price":88.00,
"quantity":"2斤"
},
{
"id":16,
"img":"img\/goods\/goods14.jpg",
"name":"海南西州蜜瓜",
"desc":"皮薄脆口高甜度",
"price":89.00,
"quantity":"2个"
},
{
"id":17,
"img":"img\/goods\/goods15.jpg",
"name":"拇指青桔",
"desc":"鲜活VC大仓库",
"price":10.00,
"quantity":"200g"
},
{
"id":18,
"img":"img\/goods\/goods15.jpg",
"name":"拇指青桔",
"desc":"鲜活VC大仓库",
"price":9.90,
"quantity":"200g"
},
{
"id":19,
"img":"img\/goods\/goods16.jpg",
"name":"万州玫瑰橙",
"desc":"玫香艳肉 颗颗魅力四射",
"price":29.00,
"quantity":"2斤"
},
{
"id":20,
"img":"img\/goods\/goods17.jpg",
"name":"海南金凤凰蜜瓜",
"desc":"金黄外皮 瓤厚多汁",
"price":39.00,
"quantity":"1个"
},
{
"id":21,
"img":"img\/goods\/goods18.jpg",
"name":"四川耙耙柑",
"desc":"儿时的橘子汽水味",
"price":68.00,
"quantity":"5斤"
},
{
"id":22,
"img":"img\/goods\/goods19.jpg",
"name":"女神B款鲜果礼盒",
"desc":"只为更美 做自己的女神",
"price":250.00,
"quantity":"1盒"
},
{
"id":23,
"img":"img\/goods\/goods20.jpg",
"name":"泰国椰青",
"desc":"天然果汁 浓郁椰香",
"price":16.00,
"quantity":"1个"
},
{
"id":24,
"img":"img\/goods\/goods9.jpg",
"name":"进口香蕉",
"desc":"香甜低卡小黄人",
"price":0.01,
"quantity":"1个"
},
{
"id":25,
"img":"img\/goods\/goods22.jpg",
"name":"美国青苹果",
"desc":"青白间的清新 酸甜里的清润",
"price":15.00,
"quantity":"2个+6个"
},
{
"id":26,
"img":"img\/goods\/goods22.jpg",
"name":"新疆阿克苏红旗坡红糖心苹果",
"desc":"歪土的外表下，蕴藏着一颗甜蜜的心",
"price":79.00,
"quantity":"8斤+6斤"
},
{
"id":27,
"img":"img\/goods\/goods23.jpg",
"name":"火山番茄（混色）",
"desc":"茄味浓郁 少见珍品",
"price":39.00,
"quantity":"380g*2盒"
},
{
"id":28,
"img":"img\/goods\/goods24.jpg",
"name":"金蜜香芒果",
"desc":"果肉细嫩 毫无纤维感",
"price":69.00,
"quantity":"4斤"
},
{
"id":29,
"img":"img\/goods\/goods25.jpg",
"name":"Drisoll's初恋覆盆子",
"desc":"初恋般酸酸甜甜，却很美好",
"price":68.00,
"quantity":"2盒"
}
]
}