[
{
"id":1,
"img":"img\/main\/gift1.jpg",
"name":"真心祝福水果礼篮",
"desc":"淡淡的祝福  深深的情意",
"price":358.00,
"quantity":"礼篮"
},
{
"id":2,
"img":"img\/main\/gift2.jpg",
"name":"富贵吉祥水果礼篮",
"desc":"平凡日子里的小确甜",
"price":880.00,
"quantity":"礼篮"
},
{
"id":3,
"img":"img\/main\/gift3.jpg",
"name":"深情厚意水果礼篮",
"desc":"爱要大声说出来",
"price":580.00,
"quantity":"1个"
},
{
"id":4,
"img":"img\/main\/meal1.jpg",
"name":"海陆【家宴】生鲜礼盒",
"desc":"为爱你你爱的人下一次厨房",
"price":328.00,
"quantity":"1盒"
},
{
"id":5,
"img":"img\/main\/meal1.jpg",
"name":"海陆【家宴】生鲜礼盒",
"desc":"为爱你你爱的人下一次厨房",
"price":428.00,
"quantity":"1盒"
},
{
"id":6,
"img":"img\/main\/gift4.jpg",
"name":"情真意切水果礼篮",
"desc":"情真意切 有你牵挂",
"price":238.00,
"quantity":"礼篮"
},
{
"id":7,
"img":"img\/main\/gift5.jpg",
"name":"绿野仙踪礼篮",
"desc":"带着这份美味  见想念的每一位",
"price":580.00,
"quantity":"1个"
},
{
"id":8,
"img":"img\/main\/milk1.jpg",
"name":"明治保加利亚LB81酸奶（清甜原味）",
"desc":"自家酿的酸奶味",
"price":21.90,
"quantity":"400g"
},
{
"id":9,
"img":"img\/main\/milk2.jpg",
"name":"明治醇壹高温杀菌乳",
"desc":"高压奶罐储存 无菌室内罐装",
"price":23.90,
"quantity":"950ml"
},
{
"id":10,
"img":"img\/main\/milk3.jpg",
"name":"卡士原态酪乳三联杯",
"desc":"纯天然无污染 富含多种微量元素",
"price":29.90,
"quantity":"三联杯"
},
{
"id":11,
"img":"img\/main\/milk4.jpg",
"name":"唯品纯牛奶（950ml）",
"desc":"限量供应的醇香",
"price":25.80,
"quantity":"950ml"
},
{
"id":12,
"img":"img\/main\/shrimp1.jpg",
"name":"阿根廷红虾（巨无霸 L1级）",
"desc":"个大饱满 色泽诱人",
"price":198.00,
"quantity":"2000g"
},
{
"id":13,
"img":"img\/main\/fish.jpg",
"name":"越南巴沙鱼柳",
"desc":"去刺鱼柳 儿童理想辅食",
"price":40.00,
"quantity":"300-400g"
},
{
"id":14,
"img":"img\/main\/cow.jpg",
"name":"巴西精选牛腩块",
"desc":"紧致肥美 煮后不松散",
"price":39.90,
"quantity":"500g"
},
{
"id":15,
"img":"img\/main\/chicken.jpg",
"name":"苏食童子鸡",
"desc":"嫩滑才够味",
"price":29.90,
"quantity":"750g"
},
{
"id":16,
"img":"img\/main\/xiaolb.jpg",
"name":"南翔小笼包",
"desc":"老上海的味道 老上海的情怀",
"price":9.90,
"quantity":"180g*1"
},
{
"id":17,
"img":"img\/main\/egg.jpg",
"name":"江西原生态散养土鸡蛋",
"desc":"放养土鸡蛋 浓香有内涵",
"price":15.00,
"quantity":"10个"
}
]